organism	status	txid	source
Serratia marcescens	established	615	ncbi_datasets
Bacillus subtilis	established	1423	ncbi_datasets
Clostridium ventriculi	established	1267	ncbi_datasets
Leptotrichia buccalis	established	40542	ncbi_datasets
Vibrio cholerae	established	666	ncbi_datasets
Bacillus anthracis	established	1392	ncbi_datasets
Micrococcus luteus	established	1270	ncbi_datasets
Pseudomonas aeruginosa	established	287	ncbi_datasets
Borrelia recurrentis	established	44449	ncbi_datasets
Actinomyces bovis	putative	1658	ncbi_datasets
Leuconostoc mesenteroides	established	1245	ncbi_datasets
Chromobacterium violaceum	established	536	ncbi_datasets
Clostridium butyricum	established	1492	ncbi_datasets
Mycobacterium leprae	established	1769	ncbi_datasets
Paenibacillus polymyxa	established	1406	ncbi_datasets
Mycobacterium tuberculosis	established	1773	ncbi_datasets
Staphylococcus aureus	established	1280	ncbi_datasets
Streptococcus pneumoniae	established	1313	ncbi_datasets
Streptococcus pyogenes	established	1314	ncbi_datasets
Burkholderia mallei	established	13373	ncbi_datasets
Neisseria gonorrhoeae	established	485	ncbi_datasets
Paenibacillus alvei	established	44250	ncbi_datasets
Proteus mirabilis	established	584	ncbi_datasets
Proteus vulgaris	established	585	ncbi_datasets
Bacillus mycoides	established	1405	ncbi_datasets
Clostridium tetani	established	1513	ncbi_datasets
Corynebacterium diphtheriae	established	1717	ncbi_datasets
Klebsiella oxytoca	established	571	ncbi_datasets
Klebsiella pneumoniae	established	573	ncbi_datasets
Kocuria rosea	established	1275	ncbi_datasets
Neisseria subflava	established	28449	ncbi_datasets
Salmonella typhi	established	90370	ncbi_datasets
Selenomonas sputigena	established	69823	ncbi_datasets
Treponema denticola	established	158	ncbi_datasets
Bacillus cereus	established	1396	ncbi_datasets
Clostridium chauvoei	established	46867	ncbi_datasets
Pantoea agglomerans	established	549	ncbi_datasets
Salmonella enteritidis	established	149539	ncbi_datasets
Streptococcus equi	established	1336	ncbi_datasets
Vibrio metschnikovii	established	28172	ncbi_datasets
Clostridium septicum	established	1504	ncbi_datasets
Haemophilus aegyptius	established	197575	ncbi_datasets
Mycobacterium smegmatis	established	1772	ncbi_datasets
Nocardia farcinica	established	37329	ncbi_datasets
Pseudomonas putida	established	303	ncbi_datasets
Yersinia pseudotuberculosis	established	633	ncbi_datasets
Bacillus circulans	established	1397	ncbi_datasets
Enterobacter cloacae	established	550	ncbi_datasets
Nocardia asteroides	established	1824	ncbi_datasets
Rhodococcus rhodochrous	established	1829	ncbi_datasets
Streptomyces albus	putative	1888	ncbi_datasets
Salmonella typhimurium	established	90371	ncbi_datasets
Brucella melitensis	established	29459	ncbi_datasets
Actinomadura madurae	established	1993	ncbi_datasets
Salmonella choleraesuis	established	28901	ncbi_datasets
Desulfovibrio desulfuricans	established	876	ncbi_datasets
Escherichia coli	established	562	ncbi_datasets
Pseudomonas fluorescens	established	294	ncbi_datasets
Actinomyces israelii	established	1659	ncbi_datasets
Aeromonas salmonicida	established	645	ncbi_datasets
Clostridium botulinum	established	1491	ncbi_datasets
Corynebacterium pseudodiphthericum	established	37637	ncbi_datasets
Corynebacterium xerosis	established	1725	ncbi_datasets
Haemophilus influenzae	established	727	ncbi_datasets
Lactobacillus delbrueckii	established	1584	ncbi_datasets
Moraxella catarrhalis	established	480	ncbi_datasets
Pseudomonas stutzeri	established	316	ncbi_datasets
Serratia plymuthica	established	82996	ncbi_datasets
Streptococcus agalactiae	established	1311	ncbi_datasets
Yersinia pestis	established	632	ncbi_datasets
Shigella dysenteriae	established	622	ncbi_datasets
Bacillus licheniformis	established	1402	ncbi_datasets
Bacteroides fragilis	established	817	ncbi_datasets
Clostridium perfringens	established	1502	ncbi_datasets
Clostridium ramosum	established	1547	ncbi_datasets
Clostridium cadaveris	established	1529	ncbi_datasets
Pasteurella multocida	established	747	ncbi_datasets
Brevibacillus brevis	established	1393	ncbi_datasets
Clostridium novyi	established	1542	ncbi_datasets
Corynebacterium kutscheri	established	35755	ncbi_datasets
Cutibacterium acnes	established	1747	ncbi_datasets
Erysipelothrix rhusiopathiae	established	1648	ncbi_datasets
Kocuria varians	established	1272	ncbi_datasets
Lactobacillus acidophilus	putative	1579	ncbi_datasets
Moraxella lacunata	established	477	ncbi_datasets
Propionibacterium acnes	established	1747	ncbi_datasets
Aeromonas hydrophila	established	644	ncbi_datasets
Bacillus pumilus	established	1408	ncbi_datasets
Brucella abortus	established	235	ncbi_datasets
Corynebacterium striatum	established	43770	ncbi_datasets
Fusobacterium mortiferum	established	850	ncbi_datasets
Mycobacterium avium	established	1764	ncbi_datasets
Neisseria meningitidis	established	487	ncbi_datasets
Arcanobacterium pyogenes	established	1661	ncbi_datasets
Trueperella pyogenes	established	1661	ncbi_datasets
Bacillus sphaericus	established	1421	ncbi_datasets
Clostridium carnis	putative	1530	ncbi_datasets
Gordonia rubripertincta	established	36822	ncbi_datasets
Lysinibacillus sphaericus	established	1421	ncbi_datasets
Nocardiopsis dassonvillei	established	2014	ncbi_datasets
Paenibacillus macerans	established	44252	ncbi_datasets
Peptostreptococcus anaerobius	established	1261	ncbi_datasets
Treponema pallidum	established	160	ncbi_datasets
Actinomadura pelletieri	established	111805	ncbi_datasets
Borrelia duttonii	established	40834	ncbi_datasets
Enterococcus faecalis	established	1351	ncbi_datasets
Neisseria cinerea	established	483	ncbi_datasets
Streptococcus anginosus	established	1328	ncbi_datasets
Streptococcus equinus	established	1335	ncbi_datasets
Streptococcus mitis	established	28037	ncbi_datasets
Streptococcus salivarius	established	1304	ncbi_datasets
Streptomyces somaliensis	established	78355	ncbi_datasets
Agrobacterium tumefaciens	established	358	ncbi_datasets
Leptospira interrogans	established	173	ncbi_datasets
Clostridium sporogenes	established	1509	ncbi_datasets
Faecalitalea cylindroides	established	39483	manual
Neisseria sicca	established	490	ncbi_datasets
Staphylococcus epidermidis	established	1282	ncbi_datasets
Tissierella praeacuta	established	43131	ncbi_datasets
Fusobacterium naviforme	putative	77917	ncbi_datasets
Nocardia brasiliensis	established	37326	ncbi_datasets
Vibrio anguillarum	putative	55601	ncbi_datasets
Actinobacillus lignieresii	established	720	ncbi_datasets
Clostridium moniliforme	established	39489	manual
Acinetobacter calcoaceticus	established	471	ncbi_datasets
Corynebacterium pseudotuberculosis	established	1719	ncbi_datasets
Eubacterium multiforme	established	83339	ncbi_datasets
Aggregatibacter actinomycetemcomitans	established	714	ncbi_datasets
Bacteroides thetaiotaomicron	established	818	ncbi_datasets
Bordetella bronchiseptica	established	518	ncbi_datasets
Francisella tularensis	established	263	ncbi_datasets
Haemophilus actinomycetemcomitans	established	714	ncbi_datasets
Peptoniphilus asaccharolyticus	established	1258	ncbi_datasets
Peptostreptococcus asaccharolyticus	established	1258	ncbi_datasets
Bartonella bacilliformis	established	774	ncbi_datasets
Borrelia persica	established	44448	ncbi_datasets
Burkholderia gladioli	established	28095	ncbi_datasets
Burkholderia pseudomallei	established	28450	ncbi_datasets
Klebsiella granulomatis	established	39824	ncbi_datasets
Streptomyces griseus	putative	1911	ncbi_datasets
Bacillus coagulans	established	1398	ncbi_datasets
Bacillus thuringiensis	established	1428	ncbi_datasets
Clostridium fallax	established	1533	ncbi_datasets
Dermatophilus congolensis	established	1863	ncbi_datasets
Hathewaya histolytica	established	1498	ncbi_datasets
Moraxella nonliquefaciens	established	478	ncbi_datasets
Rickettsia prowazekii	established	782	ncbi_datasets
Bartonella quintana	established	803	ncbi_datasets
Borrelia crocidurae	established	29520	ncbi_datasets
Clostridium tertium	established	1559	ncbi_datasets
Actinobacillus equuli	established	718	ncbi_datasets
Clostridium bifermentans	established	1490	ncbi_datasets
Paraclostridium bifermentans	established	1490	ncbi_datasets
Providencia rettgeri	established	587	ncbi_datasets
Alcaligenes faecalis	established	511	ncbi_datasets
Campylobacter fetus	established	196	ncbi_datasets
Clostridium sphenoides	established	29370	ncbi_datasets
Enterococcus faecium	established	1352	ncbi_datasets
Lactobacillus plantarum	established	1590	ncbi_datasets
Morganella morganii	established	582	ncbi_datasets
Rickettsia rickettsii	established	783	ncbi_datasets
Serratia proteamaculans	established	28151	ncbi_datasets
Shigella flexneri	established	623	ncbi_datasets
Streptococcus bovis	established	1335	ncbi_datasets
Orientia tsutsugamushi	established	784	ncbi_datasets
Rickettsia typhi	established	785	ncbi_datasets
Shigella sonnei	established	624	ncbi_datasets
Borrelia venezuelensis	established	1653839	ncbi_datasets
Dialister pneumosintes	established	39950	ncbi_datasets
Haemophilus ducreyi	established	730	ncbi_datasets
Prevotella melaninogenica	established	28132	ncbi_datasets
Curtobacterium flaccumfaciens	established	2035	ncbi_datasets
Fusobacterium nucleatum	established	851	ncbi_datasets
Haemophilus parainfluenzae	established	729	ncbi_datasets
Streptococcus acidominimus	established	1326	ncbi_datasets
Bordetella pertussis	established	520	ncbi_datasets
Corynebacterium bovis	established	36808	ncbi_datasets
Eubacterium tenue	established	1737	ncbi_datasets
Haemophilus haemolyticus	established	726	ncbi_datasets
Mycobacterium chelonae	established	1774	ncbi_datasets
Neisseria flava	established	34026	ncbi_datasets
Neisseria perflava	established	33053	ncbi_datasets
Prescottia equi	established	43767	ncbi_datasets
Rhodococcus equi	established	43767	ncbi_datasets
Nocardia otitidiscaviarum	established	1823	ncbi_datasets
Streptococcus constellatus	established	76860	ncbi_datasets
Streptococcus mutans	established	1309	ncbi_datasets
Fusobacterium gonidiaformans	established	849	ncbi_datasets
Streptobacillus moniliformis	established	34105	ncbi_datasets
Streptococcus intermedius	established	1338	ncbi_datasets
Borrelia hispanica	established	40835	ncbi_datasets
Delftia acidovorans	established	80866	ncbi_datasets
Exiguobacterium acetylicum	putative	41170	ncbi_datasets
Listeria monocytogenes	established	1639	ncbi_datasets
Mycobacterium marinum	established	1781	ncbi_datasets
Clostridium sordellii	established	1505	ncbi_datasets
Corynebacterium ulcerans	established	65058	ncbi_datasets
Nocardia transvalensis	established	37333	ncbi_datasets
Citrobacter freundii	established	546	ncbi_datasets
Pseudomonas alcaligenes	established	43263	ncbi_datasets
Rhodococcus erythropolis	established	1833	ncbi_datasets
Chryseobacterium balustinum	established	246	ncbi_datasets
Myroides odoratus	established	256	ncbi_datasets
Chlamydia psittaci	established	83554	ncbi_datasets
Chlamydophila psittaci	established	83554	ncbi_datasets
Neisseria flavescens	established	484	ncbi_datasets
Peptococcus niger	established	2741	ncbi_datasets
Campylobacter jejuni	established	197	ncbi_datasets
Serratia liquefaciens	established	614	ncbi_datasets
Mannheimia haemolytica	established	75985	ncbi_datasets
Rickettsia conorii	established	781	ncbi_datasets
Streptococcus dysgalactiae	established	1334	ncbi_datasets
Streptococcus uberis	established	1349	ncbi_datasets
Streptomyces cacaoi	putative	1898	ncbi_datasets
Bacteroides coagulans	putative	46507	ncbi_datasets
Bacteroides distasonis	established	823	ncbi_datasets
Bacteroides ovatus	established	28116	ncbi_datasets
Bacteroides uniformis	established	820	ncbi_datasets
Bacteroides vulgatus	established	821	ncbi_datasets
Bartonella elizabethae	established	807	ncbi_datasets
Borrelia turicatae	established	142	ncbi_datasets
Finegoldia magna	established	1260	ncbi_datasets
Fusobacterium varium	established	856	ncbi_datasets
Gemella morbillorum	established	29391	ncbi_datasets
Parabacteroides distasonis	established	823	ncbi_datasets
Parvimonas micra	established	33033	ncbi_datasets
Chlamydia trachomatis	established	813	ncbi_datasets
Clostridioides difficile	established	1496	ncbi_datasets
Collinsella aerofaciens	established	74426	ncbi_datasets
Cutibacterium avidum	established	33010	ncbi_datasets
Eggerthella lenta	established	84112	ncbi_datasets
Eggerthia catenaformis	established	31973	ncbi_datasets
Ehrlichia canis	established	944	ncbi_datasets
Eubacterium limosum	established	1736	ncbi_datasets
Propionibacterium avidum	established	33010	ncbi_datasets
Aeromonas caviae	established	648	ncbi_datasets
Rhodococcus fascians	established	1828	ncbi_datasets
Vibrio harveyi	established	669	ncbi_datasets
Atopobium minutum	putative	1381	ncbi_datasets
Bacteroides zoogleoformans	established	28119	ncbi_datasets
Enterococcus durans	established	53345	ncbi_datasets
Eubacterium rectale	established	39491	ncbi_datasets
Fusobacterium necrophorum	established	859	ncbi_datasets
Fusobacterium russii	putative	854	ncbi_datasets
Moraxella bovis	established	476	ncbi_datasets
Prevotella zoogleoformans	established	28119	ncbi_datasets
Actinomyces meyeri	established	52773	ncbi_datasets
Bordetella parapertussis	established	519	ncbi_datasets
Clostridium baratii	established	1561	ncbi_datasets
Cutibacterium granulosum	established	33011	ncbi_datasets
Gemella haemolysans	established	1379	ncbi_datasets
Mycobacterium fortuitum	established	1766	ncbi_datasets
Brevibacterium iodinum	putative	31943	ncbi_datasets
Coxiella burnetii	established	777	ncbi_datasets
Yersinia enterocolitica	established	630	ncbi_datasets
Acinetobacter lwoffii	established	28090	ncbi_datasets
Campylobacter sputorum	established	206	ncbi_datasets
Haemophilus aphrophilus	established	732	ncbi_datasets
Serratia rubidaea	established	61652	ncbi_datasets
Staphylococcus saprophyticus	established	29385	ncbi_datasets
Borrelia latyschewii	established	1027767	ncbi_datasets
Dichelobacter nodosus	established	870	ncbi_datasets
Ruminococcus productus	established	33035	ncbi_datasets
Tsukamurella paurometabola	established	2061	ncbi_datasets
Borrelia hermsii	established	140	ncbi_datasets
Borrelia parkeri	established	141	ncbi_datasets
Pseudoramibacter alactolyticus	established	113287	ncbi_datasets
Kytococcus sedentarius	established	1276	ncbi_datasets
Providencia alcalifaciens	established	126385	ncbi_datasets
Borrelia caucasica	established	1653833	ncbi_datasets
Arcanobacterium haemolyticum	established	28264	ncbi_datasets
Rickettsia akari	established	786	ncbi_datasets
Streptococcus sanguinis	established	1305	manual
Clostridium combesii	established	39481	ncbi_datasets
Faecalicatena contorta	established	39482	ncbi_datasets
Streptomyces bikiniensis	established	1896	ncbi_datasets
Anaerococcus prevotii	putative	33034	ncbi_datasets
Campylobacter coli	established	195	ncbi_datasets
Peptostreptococcus prevotii	established	33034	ncbi_datasets
Rickettsia sibirica	established	35793	ncbi_datasets
Staphylococcus saccharolyticus	established	33028	ncbi_datasets
Anaplasma phagocytophilum	established	948	ncbi_datasets
Ehrlichia phagocytophila	established	948	ncbi_datasets
Mycobacterium intracellulare	established	1767	ncbi_datasets
Rothia dentocariosa	established	2047	ncbi_datasets
Shigella boydii	established	621	ncbi_datasets
Mycobacterium ulcerans	established	1809	ncbi_datasets
Pasteurella pneumotropica	established	758	ncbi_datasets
Rickettsia australis	established	787	ncbi_datasets
Rodentibacter pneumotropicus	established	758	ncbi_datasets
Actinomyces naeslundii	established	1655	ncbi_datasets
Vibrio parahaemolyticus	established	670	ncbi_datasets
Borrelia brasiliensis	established	1653832	ncbi_datasets
Salmonella enterica	established	28901	ncbi_datasets
Aerococcus viridans	established	1377	ncbi_datasets
Brevundimonas vesicularis	established	41276	ncbi_datasets
Haemophilus parahaemolyticus	established	735	ncbi_datasets
Metamycoplasma hominis	established	2098	ncbi_datasets
Moraxella caviae	established	34060	ncbi_datasets
Mycobacterium abscessus	established	36809	ncbi_datasets
Mycoplasma hominis	established	2098	ncbi_datasets
Staphylococcus hyicus	established	1284	ncbi_datasets
Alcaligenes denitrificans	established	32002	ncbi_datasets
Brevundimonas diminuta	established	293	ncbi_datasets
Cellulomonas turbata	established	1713	ncbi_datasets
Hafnia alvei	established	569	ncbi_datasets
Oerskovia turbata	established	1713	ncbi_datasets
Plesiomonas shigelloides	established	703	ncbi_datasets
Providencia stuartii	established	588	ncbi_datasets
Achromobacter ruhlandii	established	72557	ncbi_datasets
Gardnerella vaginalis	established	2702	ncbi_datasets
Metamycoplasma salivarium	established	2124	ncbi_datasets
Mycobacterium kansasii	established	1768	ncbi_datasets
Mycoplasma fermentans	established	2115	ncbi_datasets
Mycoplasma salivarium	established	2124	ncbi_datasets
Mycoplasmopsis fermentans	established	2115	ncbi_datasets
Amycolatopsis orientalis	established	31958	ncbi_datasets
Borrelia mazzottii	established	1653837	ncbi_datasets
Capnocytophaga ochracea	established	1018	ncbi_datasets
Comamonas testosteroni	established	285	ncbi_datasets
Ehrlichia sennetsu	established	951	ncbi_datasets
Mycobacterium paraffinicum	established	53378	ncbi_datasets
Mycobacterium scrofulaceum	established	1783	ncbi_datasets
Neorickettsia sennetsu	established	951	ncbi_datasets
Pseudonocardia autotrophica	established	2074	ncbi_datasets
Saccharomonospora viridis	established	1852	ncbi_datasets
Brucella neotomae	established	29460	ncbi_datasets
Cellulomonas cellulans	established	1710	ncbi_datasets
Cellulosimicrobium cellulans	established	1710	ncbi_datasets
Clostridium indolis	putative	69825	ncbi_datasets
Mycobacterium microti	established	1806	ncbi_datasets
Streptomyces thermovulgaris	established	1934	ncbi_datasets
Actinomyces odontolyticus	established	1660	ncbi_datasets
Eikenella corrodens	established	539	ncbi_datasets
Prevotella ruminicola	established	839	ncbi_datasets
Chryseobacterium meningosepticum	established	238	ncbi_datasets
Elizabethkingia meningoseptica	established	238	ncbi_datasets
Megasphaera elsdenii	established	907	ncbi_datasets
Mycobacterium xenopi	established	1789	ncbi_datasets
Neisseria mucosa	established	488	ncbi_datasets
Streptomyces lanatus	putative	66900	ncbi_datasets
Enterobacter aerogenes	established	548	ncbi_datasets
Klebsiella aerogenes	established	548	ncbi_datasets
Leuconostoc lactis	established	1246	ncbi_datasets
Moraxella ovis	established	29433	ncbi_datasets
Vibrio alginolyticus	established	663	ncbi_datasets
Wolinella succinogenes	established	844	ncbi_datasets
Actinobacillus suis	established	716	ncbi_datasets
Actinobacillus ureae	established	723	ncbi_datasets
Clostridium innocuum	established	1522	ncbi_datasets
Corynebacterium minutissimum	established	38301	ncbi_datasets
Herbaspirillum huttiense	established	863372	ncbi_datasets
Leclercia adecarboxylata	established	83655	ncbi_datasets
Leifsonia aquatica	established	144185	ncbi_datasets
Moraxella cuniculi	established	34061	ncbi_datasets
Mycobacterium flavescens	established	1776	ncbi_datasets
Mycobacterium gordonae	established	1778	ncbi_datasets
Mycobacterium peregrinum	established	43304	ncbi_datasets
Neisseria canis	established	493	ncbi_datasets
Arachnia propionica	established	1750	manual
Pseudopropionibacterium propionicum	established	1750	ncbi_datasets
Sebaldella termitidis	established	826	ncbi_datasets
Acinetobacter haemolyticus	established	29430	ncbi_datasets
Alcaligenes odorans	established	32001	ncbi_datasets
Megamonas hypermegale	established	158847	ncbi_datasets
Mycoplasma pneumoniae	established	2104	ncbi_datasets
Mycoplasmoides pneumoniae	established	2104	ncbi_datasets
Pseudomonas fulva	established	47880	ncbi_datasets
Terrisporobacter glycolicus	putative	36841	ncbi_datasets
Actinobacillus pleuropneumoniae	established	715	ncbi_datasets
Cardiobacterium hominis	established	2718	ncbi_datasets
Mycoplasma orale	established	2121	ncbi_datasets
Prevotella oralis	established	28134	ncbi_datasets
Saccharopolyspora rectivirgula	established	28042	ncbi_datasets
Actinomyces viscosus	established	1656	ncbi_datasets
Burkholderia pyrrocinia	established	60550	ncbi_datasets
Edwardsiella tarda	established	636	ncbi_datasets
Mycobacterium nonchromogenicum	established	1782	ncbi_datasets
Mycobacterium simiae	established	1784	ncbi_datasets
Rickettsia parkeri	established	35792	ncbi_datasets
Veillonella atypica	established	39777	ncbi_datasets
Veillonella dispar	established	39778	ncbi_datasets
Desulfovibrio vulgaris	putative	881	ncbi_datasets
Enterobacter cancerogenus	established	69218	ncbi_datasets
Lachnoanaerobaculum saburreum	established	467210	ncbi_datasets
Listeria grayi	established	1641	ncbi_datasets
Mycobacterium gastri	established	1777	ncbi_datasets
Mycobacterium terrae	established	1788	ncbi_datasets
Mycobacterium thermoresistibile	established	1797	ncbi_datasets
Pseudomonas pseudoalcaligenes	established	301	ncbi_datasets
Streptococcus suis	established	1307	ncbi_datasets
Burkholderia glumae	putative	337	ncbi_datasets
Enterococcus avium	established	33945	ncbi_datasets
Moraxella osloensis	established	34062	ncbi_datasets
Mycoplasma felis	putative	33923	ncbi_datasets
Psychrobacter phenylpyruvicus	established	29432	ncbi_datasets
Aggregatibacter aphrophilus	established	732	ncbi_datasets
Brucella canis	established	36855	ncbi_datasets
Kingella kingae	established	504	ncbi_datasets
Lactobacillus rhamnosus	established	47715	ncbi_datasets
Mycoplasma arginini	established	2094	ncbi_datasets
Acidaminococcus fermentans	established	905	ncbi_datasets
Francisella philomiragia	established	28110	ncbi_datasets
Mycobacterium africanum	established	33894	ncbi_datasets
Neisseria lactamica	established	486	ncbi_datasets
Weissella confusa	established	1583	ncbi_datasets
Citrobacter koseri	established	545	ncbi_datasets
Lactobacillus jensenii	established	109790	ncbi_datasets
Mycobacterium bovis	established	1765	ncbi_datasets
Mycobacterium triviale	established	1798	ncbi_datasets
Neisseria elongata	established	495	ncbi_datasets
Oligella urethralis	established	90245	ncbi_datasets
Porphyromonas asaccharolytica	established	28123	ncbi_datasets
Prevotella intermedia	established	28131	ncbi_datasets
Pseudomonas mendocina	established	300	ncbi_datasets
Achromobacter xylosoxidans	established	85698	ncbi_datasets
Citrobacter amalonaticus	established	35703	ncbi_datasets
Gordonia bronchialis	established	2054	ncbi_datasets
Gordonia terrae	established	2055	ncbi_datasets
Haemophilus paraphrohaemolyticus	established	736	ncbi_datasets
Mycobacterium asiaticum	established	1790	ncbi_datasets
Mycobacterium rhodesiae	established	36814	ncbi_datasets
Halomonas venusta	putative	44935	ncbi_datasets
Mycobacterium neoaurum	established	1795	ncbi_datasets
Mycobacterium szulgai	established	1787	ncbi_datasets
Rhodococcus corynebacterioides	putative	53972	ncbi_datasets
Acholeplasma oculi	putative	35623	ncbi_datasets
Mycobacterium farcinogenes	established	1802	ncbi_datasets
Mycobacterium senegalense	established	1796	ncbi_datasets
Mycobacterium tokaiense	established	39695	ncbi_datasets
Pseudomonas pickettii	established	329	ncbi_datasets
Ralstonia pickettii	established	329	ncbi_datasets
Bacteroides eggerthii	established	28111	ncbi_datasets
Bifidobacterium dentium	established	1689	ncbi_datasets
Clostridium celatum	putative	36834	ncbi_datasets
Gordonia amarae	established	36821	ncbi_datasets
Kocuria kristinae	established	37923	ncbi_datasets
Mycobacterium gadium	putative	1794	ncbi_datasets
Pasteurella aerogenes	established	749	ncbi_datasets
Streptococcus sobrinus	established	1310	ncbi_datasets
Ureaplasma urealyticum	established	2130	ncbi_datasets
Bacteroides splanchnicus	established	28118	ncbi_datasets
Mycobacterium shimoidei	established	29313	ncbi_datasets
Odoribacter splanchnicus	established	28118	ncbi_datasets
Staphylococcus capitis	established	29388	ncbi_datasets
Staphylococcus cohnii	established	29382	ncbi_datasets
Staphylococcus haemolyticus	established	1283	ncbi_datasets
Staphylococcus hominis	established	1290	ncbi_datasets
Staphylococcus simulans	established	1286	ncbi_datasets
Staphylococcus warneri	established	1292	ncbi_datasets
Staphylococcus xylosus	established	1288	ncbi_datasets
Anaerobiospirillum succiniciproducens	established	13335	ncbi_datasets
Kingella denitrificans	established	502	ncbi_datasets
Moraxella atlantae	established	34059	ncbi_datasets
Ruminococcus gnavus	established	33038	ncbi_datasets
Staphylococcus intermedius	established	1285	ncbi_datasets
Staphylococcus lentus	established	42858	ncbi_datasets
Staphylococcus sciuri	established	1296	ncbi_datasets
Streptococcus iniae	established	1346	ncbi_datasets
Suttonella indologenes	established	13276	ncbi_datasets
Aggregatibacter segnis	established	739	ncbi_datasets
Mycobacterium malmoense	established	1780	ncbi_datasets
Prevotella bivia	established	28125	ncbi_datasets
Prevotella disiens	established	28130	ncbi_datasets
Sphingomonas paucimobilis	established	13689	ncbi_datasets
Streptococcus criceti	established	1333	ncbi_datasets
Bacteroides ureolyticus	established	827	ncbi_datasets
Campylobacter ureolyticus	established	827	ncbi_datasets
Mycobacterium haemophilum	established	29311	ncbi_datasets
Serratia odorifera	established	618	ncbi_datasets
Yersinia ruckeri	established	29486	ncbi_datasets
Enterococcus casseliflavus	established	37734	ncbi_datasets
Legionella pneumophila	established	446	ncbi_datasets
Listeria innocua	established	1642	ncbi_datasets
Methylobacterium mesophilicum	established	39956	ncbi_datasets
Rhodococcus rhodnii	established	38312	ncbi_datasets
Serratia fonticola	established	47917	ncbi_datasets
Vibrio vulnificus	established	672	ncbi_datasets
Enterobacter sakazakii	established	28141	ncbi_datasets
Eubacterium brachy	established	35517	ncbi_datasets
Eubacterium nodatum	established	35518	ncbi_datasets
Eubacterium timidum	established	35519	ncbi_datasets
Fluoribacter bozemanae	established	447	ncbi_datasets
Fluoribacter dumoffii	established	463	ncbi_datasets
Fluoribacter gormanii	established	464	ncbi_datasets
Lactobacillus gasseri	established	1596	ncbi_datasets
Legionella bozemanii	established	447	ncbi_datasets
Legionella gormanii	established	464	ncbi_datasets
Mogibacterium timidum	established	35519	ncbi_datasets
Pluralibacter gergoviae	established	61647	ncbi_datasets
Porphyromonas gingivalis	established	837	ncbi_datasets
Porphyromonas macacae	established	28115	ncbi_datasets
Tatlockia micdadei	established	451	ncbi_datasets
Aeromonas sobria	established	646	ncbi_datasets
Bacteroides gracilis	established	824	ncbi_datasets
Burkholderia cepacia	established	292	ncbi_datasets
Campylobacter concisus	established	199	ncbi_datasets
Campylobacter gracilis	established	824	ncbi_datasets
Campylobacter mucosalis	established	202	ncbi_datasets
Campylobacter rectus	established	203	ncbi_datasets
Cedecea davisae	established	158484	ncbi_datasets
Cedecea lapagei	established	158823	ncbi_datasets
Edwardsiella hoshinae	established	93378	ncbi_datasets
Kluyvera ascorbata	established	51288	ncbi_datasets
Kluyvera cryocrescens	established	580	ncbi_datasets
Lelliottia amnigena	established	61646	ncbi_datasets
Rahnella aquatilis	established	34038	ncbi_datasets
Serratia ficaria	established	61651	ncbi_datasets
Sphingobacterium multivorum	established	28454	ncbi_datasets
Stenotrophomonas maltophilia	established	40324	ncbi_datasets
Vibrio fluvialis	established	676	ncbi_datasets
Yersinia frederiksenii	established	29484	ncbi_datasets
Yersinia intermedia	established	631	ncbi_datasets
Yersinia kristensenii	established	28152	ncbi_datasets
Bartonella vinsonii	established	33047	ncbi_datasets
Brachyspira aalborgi	established	29522	ncbi_datasets
Capnocytophaga gingivalis	established	1017	ncbi_datasets
Capnocytophaga sputigena	established	1019	ncbi_datasets
Dietzia maris	established	37915	ncbi_datasets
Empedobacter brevis	established	247	ncbi_datasets
Enterococcus gallinarum	established	1353	ncbi_datasets
Escherichia vulneris	established	566	ncbi_datasets
Legionella jordanis	established	456	ncbi_datasets
Legionella longbeachae	established	450	ncbi_datasets
Photobacterium damselae	established	38293	ncbi_datasets
Prevotella buccae	established	28126	ncbi_datasets
Prevotella buccalis	established	28127	ncbi_datasets
Prevotella denticola	established	28129	ncbi_datasets
Prevotella loescheii	established	840	ncbi_datasets
Prevotella oris	established	28135	ncbi_datasets
Raoultella planticola	established	575	ncbi_datasets
Rothia mucilaginosa	established	43675	ncbi_datasets
Sphingobacterium spiritivorum	established	258	ncbi_datasets
Streptococcus oralis	established	1303	ncbi_datasets
Tatumella ptyseos	established	82987	ncbi_datasets
Vibrio hollisae	established	673	ncbi_datasets
Vibrio mimicus	established	674	ncbi_datasets
Achromobacter denitrificans	established	32002	ncbi_datasets
Atlantibacter hermannii	established	565	ncbi_datasets
Bordetella trematum	established	123899	ncbi_datasets
Brevibacterium casei	established	33889	ncbi_datasets
Cedecea neteri	established	158822	ncbi_datasets
Centipeda periodontii	established	82203	ncbi_datasets
Chryseobacterium indologenes	established	253	ncbi_datasets
Enterococcus cecorum	established	44008	ncbi_datasets
Legionella oakridgensis	established	29423	ncbi_datasets
Legionella wadsworthii	established	28088	ncbi_datasets
Listeria seeligeri	established	1640	ncbi_datasets
Listeria welshimeri	established	1643	ncbi_datasets
Mycobacterium porcinum	established	39693	ncbi_datasets
Mycoplasma genitalium	established	2097	ncbi_datasets
Mycoplasma lipofaciens	putative	114884	ncbi_datasets
Mycoplasmoides genitalium	established	2097	ncbi_datasets
Neisseria macacae	established	496	ncbi_datasets
Nocardia nova	established	37330	ncbi_datasets
Peptostreptococcus magnus	established	1260	ncbi_datasets
Porphyromonas levii	established	28114	ncbi_datasets
Prevotella corporis	established	28128	ncbi_datasets
Prevotella veroralis	established	28137	ncbi_datasets
Proteus penneri	established	102862	ncbi_datasets
Staphylococcus caprae	established	29380	ncbi_datasets
Staphylococcus gallinarum	established	1293	ncbi_datasets
Treponema pectinovorum	established	164	ncbi_datasets
Bordetella avium	established	521	ncbi_datasets
Borrelia burgdorferi	established	139	ncbi_datasets
Campylobacter curvus	established	200	ncbi_datasets
Campylobacter lari	established	201	ncbi_datasets
Chryseobacterium gleum	established	250	ncbi_datasets
Ewingella americana	established	41202	ncbi_datasets
Exiguobacterium aurantiacum	established	33987	ncbi_datasets
Fusobacterium periodonticum	established	860	ncbi_datasets
Lactococcus garvieae	established	1363	ncbi_datasets
Legionella feeleii	established	453	ncbi_datasets
Legionella sainthelensi	established	28087	ncbi_datasets
Listeria ivanovii	established	1638	ncbi_datasets
Mobiluncus curtisii	established	2051	ncbi_datasets
Mobiluncus mulieris	putative	2052	ncbi_datasets
Moellerella wisconsensis	established	158849	ncbi_datasets
Paenibacillus amylolyticus	putative	1451	ncbi_datasets
Porphyromonas endodontalis	established	28124	ncbi_datasets
Spiroplasma apis	putative	2137	ncbi_datasets
Treponema socranskii	established	53419	ncbi_datasets
Vibrio furnissii	established	29494	ncbi_datasets
Actinobacillus hominis	established	719	ncbi_datasets
Arcobacter cryaerophilus	established	28198	ncbi_datasets
Bacteroides heparinolyticus	established	28113	ncbi_datasets
Budvicia aquatica	putative	82979	ncbi_datasets
Campylobacter hyointestinalis	established	198	ncbi_datasets
Enterococcus hirae	established	1354	ncbi_datasets
Escherichia fergusonii	established	564	ncbi_datasets
Eubacterium sulci	established	143393	ncbi_datasets
Filifactor alocis	established	143361	ncbi_datasets
Gallibacterium anatis	putative	750	ncbi_datasets
Gordonia sputi	established	36823	ncbi_datasets
Helicobacter pylori	established	210	ncbi_datasets
Legionella anisa	established	28082	ncbi_datasets
Legionella cherrii	established	28084	ncbi_datasets
Legionella hackeliae	established	449	ncbi_datasets
Legionella maceachernii	established	466	ncbi_datasets
Legionella parisiensis	putative	45071	ncbi_datasets
Legionella rubrilucens	established	458	ncbi_datasets
Leminorella grimontii	established	82981	ncbi_datasets
Mycoplasma pirum	established	2122	ncbi_datasets
Pasteurella canis	established	753	ncbi_datasets
Pasteurella dagmatis	established	754	ncbi_datasets
Pasteurella stomatis	established	760	ncbi_datasets
Prevotella heparinolytica	established	28113	ncbi_datasets
Prevotella oulora	established	28136	ncbi_datasets
Pseudomonas luteola	established	47886	ncbi_datasets
Pseudomonas oryzihabitans	established	47885	ncbi_datasets
Rhodococcus globerulus	putative	33008	ncbi_datasets
Salmonella bongori	established	54736	ncbi_datasets
Staphylococcus equorum	established	246432	ncbi_datasets
Streptococcus alactolyticus	established	29389	ncbi_datasets
Streptococcus porcinus	established	1340	ncbi_datasets
Tatlockia maceachernii	established	466	ncbi_datasets
Yokenella regensburgei	established	158877	ncbi_datasets
Achromobacter piechaudii	established	72556	ncbi_datasets
Acinetobacter baumannii	established	470	ncbi_datasets
Acinetobacter johnsonii	established	40214	ncbi_datasets
Acinetobacter junii	established	40215	ncbi_datasets
Alcaligenes piechaudii	established	72556	ncbi_datasets
Bacteroides caccae	established	47678	ncbi_datasets
Bacteroides forsythus	established	28112	ncbi_datasets
Bacteroides merdae	established	46503	ncbi_datasets
Bacteroides stercoris	established	46506	ncbi_datasets
Enterococcus mundtii	established	53346	ncbi_datasets
Eubacterium yurii	established	39498	ncbi_datasets
Herbaspirillum seropedicae	established	964	ncbi_datasets
Prevotella dentalis	established	52227	ncbi_datasets
Providencia heimbachae	putative	333962	ncbi_datasets
Psychrobacter immobilis	established	498	ncbi_datasets
Streptococcus canis	established	1329	ncbi_datasets
Tannerella forsythia	established	28112	ncbi_datasets
Vibrio cincinnatiensis	established	675	ncbi_datasets
Weeksella virosa	established	1014	ncbi_datasets
Weeksella zoohelcum	established	1015	ncbi_datasets
Bacteroides galacturonicus	established	384639	ncbi_datasets
Bacteroides pectinophilus	established	384638	ncbi_datasets
Bergeyella zoohelcum	established	1015	ncbi_datasets
Leptospira borgpetersenii	established	174	ncbi_datasets
Leptospira inadai	established	29506	ncbi_datasets
Leptospira meyeri	established	29508	ncbi_datasets
Leptospira noguchii	established	28182	ncbi_datasets
Leptospira santarosai	established	28183	ncbi_datasets
Leptospira weilii	established	28184	ncbi_datasets
Mycobacterium poriferae	putative	39694	ncbi_datasets
Oligella ureolytica	established	90244	ncbi_datasets
Selenomonas artemidis	established	671224	ncbi_datasets
Selenomonas dianae	established	135079	ncbi_datasets
Selenomonas flueggei	established	135080	ncbi_datasets
Selenomonas infelix	established	135082	ncbi_datasets
Selenomonas noxia	established	135083	ncbi_datasets
Yersinia rohdei	established	29485	ncbi_datasets
Acinetobacter radioresistens	established	40216	ncbi_datasets
Aeromonas veronii	established	654	ncbi_datasets
Corynebacterium amycolatum	established	43765	ncbi_datasets
Corynebacterium jeikeium	established	38289	ncbi_datasets
Dermabacter hominis	established	36740	ncbi_datasets
Ehrlichia equi	established	948	ncbi_datasets
Enterobacter asburiae	established	61645	ncbi_datasets
Eubacterium callanderi	established	53442	ncbi_datasets
Fibrobacter intestinalis	established	28122	ncbi_datasets
Fusobacterium ulcerans	established	861	ncbi_datasets
Helicobacter cinaedi	established	213	ncbi_datasets
Helicobacter fennelliae	established	215	ncbi_datasets
Legionella birminghamensis	established	28083	ncbi_datasets
Methylobacterium zatmanii	established	29429	ncbi_datasets
Ochrobactrum anthropi	established	529	ncbi_datasets
Staphylococcus delphini	putative	53344	ncbi_datasets
Staphylococcus lugdunensis	established	28035	ncbi_datasets
Staphylococcus schleiferi	established	1295	ncbi_datasets
Streptococcus vestibularis	established	1343	ncbi_datasets
Yersinia bercovieri	established	634	ncbi_datasets
Yersinia mollaretii	established	33060	ncbi_datasets
Abiotrophia defectiva	established	46125	ncbi_datasets
Acidomonas methanolica	putative	437	ncbi_datasets
Aeromonas schubertii	established	652	ncbi_datasets
Chlamydophila pneumoniae	established	83558	ncbi_datasets
Clostridium intestinale	putative	36845	ncbi_datasets
Enterococcus raffinosus	established	71452	ncbi_datasets
Granulicatella adiacens	established	46124	ncbi_datasets
Klebsiella ornithinolytica	established	54291	ncbi_datasets
Legionella cincinnatiensis	established	28085	ncbi_datasets
Leuconostoc pseudomesenteroides	established	33968	ncbi_datasets
Lysinibacillus fusiformis	established	28031	ncbi_datasets
Paenibacillus glucanolyticus	putative	59843	ncbi_datasets
Pantoea dispersa	established	59814	ncbi_datasets
Raoultella ornithinolytica	established	54291	ncbi_datasets
Streptococcus gordonii	established	1302	ncbi_datasets
Veillonella parvula	established	29466	ncbi_datasets
Actinomyces georgiae	established	52768	ncbi_datasets
Actinomyces gerencseriae	established	52769	ncbi_datasets
Bilophila wadsworthia	established	35833	ncbi_datasets
Capnocytophaga canimorsus	established	28188	ncbi_datasets
Capnocytophaga cynodegmi	established	28189	ncbi_datasets
Enterobacter hormaechei	established	158836	ncbi_datasets
Erwinia persicinus	putative	55211	ncbi_datasets
Legionella tucsonensis	established	40335	ncbi_datasets
Paenibacillus thiaminolyticus	established	49283	ncbi_datasets
Pasteurella bettyae	established	752	ncbi_datasets
Pasteurella caballi	established	243701	ncbi_datasets
Shewanella algae	established	38313	ncbi_datasets
Streptococcus parasanguinis	established	1318	ncbi_datasets
Vagococcus fluvialis	established	2738	ncbi_datasets
Afipia broomeae	established	56946	ncbi_datasets
Afipia clevelandensis	putative	1034	ncbi_datasets
Afipia felis	established	1035	ncbi_datasets
Arcobacter butzleri	established	28197	ncbi_datasets
Atopobium rimae	established	1383	ncbi_datasets
Campylobacter butzleri	established	28197	ncbi_datasets
Campylobacter upsaliensis	established	28080	ncbi_datasets
Corynebacterium accolens	established	38284	ncbi_datasets
Aerococcus urinae	established	1376	ncbi_datasets
Aeromonas jandaei	established	650	ncbi_datasets
Alloiococcus otitis	established	1652	ncbi_datasets
Anaerococcus lactolyticus	putative	33032	ncbi_datasets
Anaerococcus vaginalis	putative	33037	ncbi_datasets
Arcobacter skirrowii	putative	28200	ncbi_datasets
Bartonella henselae	established	38323	ncbi_datasets
Corynebacterium urealyticum	established	43771	ncbi_datasets
Ehrlichia chaffeensis	established	945	ncbi_datasets
Ehrlichia ewingii	established	947	ncbi_datasets
Enterococcus flavescens	established	37734	ncbi_datasets
Leptospira kirschneri	established	29507	ncbi_datasets
Mycobacterium alvei	established	67081	ncbi_datasets
Mycoplasma penetrans	established	28227	ncbi_datasets
Peptostreptococcus lactolyticus	established	33032	ncbi_datasets
Peptostreptococcus vaginalis	established	33037	ncbi_datasets
Porphyromonas circumdentaria	established	29524	ncbi_datasets
Prevotella nigrescens	established	28133	ncbi_datasets
Rickettsia japonica	established	35790	ncbi_datasets
Streptococcus cristatus	established	45634	ncbi_datasets
Tropheryma whippelii	established	2039	ncbi_datasets
Balneatrix alpica	established	75684	ncbi_datasets
Brevibacillus agri	established	51101	ncbi_datasets
Brevibacillus centrosporus	established	54910	ncbi_datasets
Campylobacter showae	putative	204	ncbi_datasets
Citrobacter braakii	established	57706	ncbi_datasets
Citrobacter farmeri	established	67824	ncbi_datasets
Citrobacter sedlakii	established	67826	ncbi_datasets
Citrobacter werkmanii	established	67827	ncbi_datasets
Citrobacter youngae	established	133448	ncbi_datasets
Corynebacterium afermentans	established	38286	ncbi_datasets
Eubacterium saphenum	established	51123	ncbi_datasets
Helcococcus kunzii	established	40091	ncbi_datasets
Kingella oralis	established	505	ncbi_datasets
Legionella londiniensis	putative	45068	ncbi_datasets
Moraxella canis	established	90239	ncbi_datasets
Moraxella lincolnii	established	90241	ncbi_datasets
Mycobacterium celatum	established	28045	ncbi_datasets
Mycobacterium genavense	established	36812	ncbi_datasets
Mycobacterium interjectum	established	33895	ncbi_datasets
Mycobacterium intermedium	established	28445	ncbi_datasets
Neisseria weaveri	established	28091	ncbi_datasets
Rickettsia helvetica	established	35789	ncbi_datasets
Rickettsia massiliae	established	35791	ncbi_datasets
Roseomonas cervicalis	putative	204525	ncbi_datasets
Staphylococcus pasteuri	established	45972	ncbi_datasets
Actinomyces neuii	established	33007	ncbi_datasets
Alloprevotella tannerae	established	76122	ncbi_datasets
Capnocytophaga granulosa	established	45242	ncbi_datasets
Capnocytophaga haemolytica	established	45243	ncbi_datasets
Corynebacterium propinquum	established	43769	ncbi_datasets
Dolosigranulum pigrum	established	29394	ncbi_datasets
Helicobacter canis	established	29419	ncbi_datasets
Helicobacter hepaticus	established	32025	ncbi_datasets
Legionella lansingensis	established	45067	ncbi_datasets
Porphyromonas catoniae	established	41976	ncbi_datasets
Prevotella enoeca	established	76123	ncbi_datasets
Turicella otitidis	established	29321	ncbi_datasets
Actinomyces radingae	established	131110	ncbi_datasets
Actinomyces turicensis	established	131111	ncbi_datasets
Arcanobacterium bernardiae	established	59561	ncbi_datasets
Bartonella grahamii	putative	33045	ncbi_datasets
Bordetella hinzii	established	103855	ncbi_datasets
Bordetella holmesii	established	35814	ncbi_datasets
Borrelia miyamotoi	established	47466	ncbi_datasets
Brachybacterium paraconglomeratum	putative	173362	ncbi_datasets
Cellulomonas hominis	putative	156981	ncbi_datasets
Corynebacterium argentoratense	established	42817	ncbi_datasets
Corynebacterium auris	established	44750	ncbi_datasets
Corynebacterium glucuronolyticum	established	39791	ncbi_datasets
Corynebacterium macginleyi	established	38290	ncbi_datasets
Corynebacterium seminale	established	39791	ncbi_datasets
Globicatella sanguinis	established	13076	ncbi_datasets
Helicobacter pullorum	established	35818	ncbi_datasets
Leptotrichia sanguinegens	putative	40543	ncbi_datasets
Mycobacterium branderi	established	43348	ncbi_datasets
Mycobacterium mucogenicum	established	56689	ncbi_datasets
Trueperella bernardiae	established	59561	ncbi_datasets
Tsukamurella inchonensis	established	42777	ncbi_datasets
Bifidobacterium denticolens	established	78258	ncbi_datasets
Bifidobacterium inopinatum	established	78259	ncbi_datasets
Borrelia lonestari	established	38876	ncbi_datasets
Brachyspira pilosicoli	established	52584	ncbi_datasets
Brevibacterium otitidis	established	53364	ncbi_datasets
Buttiauxella gaviniae	putative	82990	ncbi_datasets
Citrobacter rodentium	established	67825	ncbi_datasets
Eubacterium exiguum	established	84109	ncbi_datasets
Eubacterium minutum	established	76124	ncbi_datasets
Legionella waltersii	putative	66969	ncbi_datasets
Mycobacterium conspicuum	established	44010	ncbi_datasets
Mycobacterium lentiflavum	established	141349	ncbi_datasets
Mycobacterium triplex	established	47839	ncbi_datasets
Myroides odoratimimus	established	76832	ncbi_datasets
Nocardia pseudobrasiliensis	established	45979	ncbi_datasets
Rickettsia africae	established	35788	ncbi_datasets
Slackia exigua	established	84109	ncbi_datasets
Sutterella wadsworthensis	established	40545	ncbi_datasets
Treponema maltophilum	established	51160	ncbi_datasets
Tsukamurella pulmonis	established	47312	ncbi_datasets
Actinobaculum schaalii	established	59505	ncbi_datasets
Actinomyces europaeus	established	66228	ncbi_datasets
Actinomyces graevenitzii	established	55565	ncbi_datasets
Actinotignum schaalii	established	59505	ncbi_datasets
Anaerobiospirillum thomasii	established	179995	ncbi_datasets
Anaerococcus octavius	putative	54007	ncbi_datasets
Arthrobacter woluwensis	established	156980	ncbi_datasets
Burkholderia multivorans	established	87883	ncbi_datasets
Corynebacterium coyleae	established	53374	ncbi_datasets
Corynebacterium durum	established	61592	ncbi_datasets
Corynebacterium imitans	established	156978	ncbi_datasets
Corynebacterium lipophiloflavum	putative	161889	ncbi_datasets
Corynebacterium mucifaciens	established	57171	ncbi_datasets
Enterobacter kobei	putative	208224	ncbi_datasets
Facklamia hominis	established	178214	ncbi_datasets
Helicobacter bilis	established	37372	ncbi_datasets
Mycobacterium mageritense	established	53462	ncbi_datasets
Peptoniphilus harei	established	54005	ncbi_datasets
Peptostreptococcus ivorii	established	54006	ncbi_datasets
Pseudomonas monteilii	established	76759	ncbi_datasets
Rickettsia mongolotimonae	established	45261	ncbi_datasets
Roseomonas gilardii	established	257708	ncbi_datasets
Stenotrophomonas africana	putative	1292134	ncbi_datasets
Streptococcus thoraltensis	established	55085	ncbi_datasets
Treponema amylovorum	established	59892	ncbi_datasets
Treponema medium	putative	58231	ncbi_datasets
Tsukamurella tyrosinosolvens	established	57704	ncbi_datasets
Abiotrophia elegans	putative	137732	ncbi_datasets
Burkholderia thailandensis	established	57975	ncbi_datasets
Corynebacterium confusum	established	71254	ncbi_datasets
Corynebacterium falsenii	established	108486	ncbi_datasets
Corynebacterium kroppenstedtii	established	161879	ncbi_datasets
Corynebacterium riegelii	established	156976	ncbi_datasets
Facklamia ignava	putative	137730	ncbi_datasets
Gemella bergeriae	established	84136	ncbi_datasets
Leptospira fainei	established	48782	ncbi_datasets
Microvirgula aerodenitrificans	putative	57480	ncbi_datasets
Mycobacterium bohemicum	established	56425	ncbi_datasets
Mycobacterium heidelbergense	established	53376	ncbi_datasets
Ochrobactrum intermedium	established	94625	ncbi_datasets
Rickettsia honei	established	37816	ncbi_datasets
Rickettsia slovaca	established	35794	ncbi_datasets
Staphylococcus condimenti	established	70255	ncbi_datasets
Staphylococcus succinus	established	61015	ncbi_datasets
Aerococcus christensenii	putative	87541	ncbi_datasets
Atopobium vaginae	established	82135	ncbi_datasets
Bartonella alsatica	established	52764	ncbi_datasets
Chlamydia abortus	established	83555	ncbi_datasets
Chlamydia felis	putative	83556	ncbi_datasets
Corynebacterium sundsvallense	established	161902	ncbi_datasets
Cryptobacterium curtum	putative	84163	ncbi_datasets
Cupriavidus gilardii	established	82541	ncbi_datasets
Cupriavidus pauculus	established	82633	ncbi_datasets
Facklamia languida	established	82347	ncbi_datasets
Facklamia sourekii	established	87650	ncbi_datasets
Gemella sanguinis	established	84135	ncbi_datasets
Gordonia polyisoprenivorans	putative	84595	ncbi_datasets
Granulicatella elegans	established	137732	ncbi_datasets
Ignavigranum ruoffiae	established	89093	ncbi_datasets
Kocuria rhizophila	established	72000	ncbi_datasets
Mannheimia glucosida	putative	85401	ncbi_datasets
Mycobacterium caprae	established	115862	ncbi_datasets
Mycobacterium goodii	established	134601	ncbi_datasets
Mycobacterium wolinskyi	established	59750	ncbi_datasets
Photorhabdus asymbiotica	established	291112	ncbi_datasets
Ralstonia gilardii	established	82541	ncbi_datasets
Simkania negevensis	established	83561	ncbi_datasets
Streptococcus pluranimalium	established	82348	ncbi_datasets
Treponema lecithinolyticum	established	53418	ncbi_datasets
Vagococcus lutrae	putative	81947	ncbi_datasets
Waddlia chondrophila	established	71667	ncbi_datasets
Williamsia muralis	established	85044	ncbi_datasets
Actinomyces urogenitalis	established	103621	ncbi_datasets
Arthrobacter luteolus	putative	98672	ncbi_datasets
Arthrobacter albus	putative	98671	ncbi_datasets
Asaia bogorensis	established	91915	ncbi_datasets
Bartonella washoensis	established	186739	ncbi_datasets
Bartonella koehlerae	established	92181	ncbi_datasets
Bulleidia extructa	established	118748	ncbi_datasets
Burkholderia ubonensis	putative	101571	ncbi_datasets
Burkholderia vietnamiensis	established	60552	ncbi_datasets
Burkholderia stabilis	established	95485	ncbi_datasets
Campylobacter lanienae	putative	75658	ncbi_datasets
Coprobacillus catenaformis	putative	100884	ncbi_datasets
Corynebacterium auriscanis	putative	99807	ncbi_datasets
Corynebacterium simulans	established	146827	ncbi_datasets
Dysgonomonas gadei	putative	156974	ncbi_datasets
Dysgonomonas capnocytophagoides	established	45254	ncbi_datasets
Luteococcus peritonei	putative	88874	ncbi_datasets
Massilia timonae	established	47229	ncbi_datasets
Mogibacterium pumilum	putative	86332	ncbi_datasets
Mogibacterium vescum	putative	86333	ncbi_datasets
Mycobacterium elephantis	established	81858	ncbi_datasets
Mycobacterium kubicae	putative	120959	ncbi_datasets
Mycobacterium septicum	established	98668	ncbi_datasets
Nocardia abscessus	established	120957	ncbi_datasets
Nocardia paucivorans	established	114259	ncbi_datasets
Ochrobactrum tritici	putative	94626	ncbi_datasets
Pandoraea pulmonicola	established	93221	ncbi_datasets
Pandoraea apista	established	93218	ncbi_datasets
Pandoraea pnomenusa	established	93220	ncbi_datasets
Pandoraea sputorum	established	93222	ncbi_datasets
Solobacterium moorei	established	102148	ncbi_datasets
Streptococcus infantarius	established	102684	ncbi_datasets
Streptococcus urinalis	putative	149016	ncbi_datasets
Acetobacter indonesiensis	established	104101	ncbi_datasets
Acinetobacter schindleri	established	108981	ncbi_datasets
Acinetobacter ursingii	established	108980	ncbi_datasets
Actinomyces funkei	established	132933	ncbi_datasets
Actinomyces radicidentis	putative	111015	ncbi_datasets
Aerococcus sanguicola	established	119206	ncbi_datasets
Anaplasma platys	putative	949	ncbi_datasets
Bordetella petrii	established	94624	ncbi_datasets
Brevibacterium paucivorans	putative	170994	ncbi_datasets
Burkholderia ambifaria	established	152480	ncbi_datasets
Burkholderia fungorum	established	134537	ncbi_datasets
Campylobacter hominis	putative	76517	ncbi_datasets
Corynebacterium freneyi	putative	134034	ncbi_datasets
Cupriavidus metallidurans	putative	119219	ncbi_datasets
Desulfomicrobium orale	putative	132132	ncbi_datasets
Helicobacter winghamensis	established	157268	ncbi_datasets
Ignatzschineria larvae	putative	112009	ncbi_datasets
Kosakonia cowanii	established	208223	ncbi_datasets
Mycobacterium doricum	putative	126673	ncbi_datasets
Mycobacterium heckeshornense	established	110505	ncbi_datasets
Mycobacterium immunogenum	established	83262	ncbi_datasets
Nocardia beijingensis	established	95162	ncbi_datasets
Nocardia africana	established	134964	ncbi_datasets
Nocardia cyriacigeorgici	established	135487	ncbi_datasets
Nocardia ignorata	established	145285	ncbi_datasets
Nocardia veterana	established	132249	ncbi_datasets
Pseudomonas andersonii	established	147728	ncbi_datasets
Ralstonia mannitolytica	established	105219	ncbi_datasets
Rickettsia felis	established	42862	ncbi_datasets
Sphingomonas koreensis	established	93064	ncbi_datasets
Streptococcus australis	putative	113107	ncbi_datasets
Treponema parvum	established	138851	ncbi_datasets
Tropheryma whipplei	established	2039	ncbi_datasets
Acetobacter cibinongensis	putative	146475	ncbi_datasets
Aeromonas dhakensis	established	196024	ncbi_datasets
Anaeroglobus geminatus	putative	156456	ncbi_datasets
Anaerostipes caccae	established	105841	ncbi_datasets
Bifidobacterium scardovii	established	158787	ncbi_datasets
Burkholderia anthina	putative	179879	ncbi_datasets
Corynebacterium appendicis	putative	163202	ncbi_datasets
Corynebacterium aurimucosum	established	169292	ncbi_datasets
Dysgonomonas mossii	established	163665	ncbi_datasets
Enterococcus gilvus	putative	160453	ncbi_datasets
Enterococcus pallens	putative	160454	ncbi_datasets
Helicobacter canadensis	established	123841	ncbi_datasets
Hungatella hathewayi	established	154046	ncbi_datasets
Inquilinus limosus	established	171674	ncbi_datasets
Kytococcus schroeteri	established	138300	ncbi_datasets
Laribacter hongkongensis	established	168471	ncbi_datasets
Leptotrichia amnionii	established	187101	ncbi_datasets
Leptotrichia trevisanii	established	109328	ncbi_datasets
Mogibacterium diversum	putative	114527	ncbi_datasets
Mogibacterium neglectum	putative	114528	ncbi_datasets
Mycobacterium palustre	putative	153971	ncbi_datasets
Mycobacterium holsaticum	putative	152142	ncbi_datasets
Mycobacterium lacus	putative	169765	ncbi_datasets
Nocardia vinacea	putative	96468	ncbi_datasets
Paenibacillus turicensis	established	160487	ncbi_datasets
Pseudomonas mosselii	established	78327	ncbi_datasets
Psychrobacter faecalis	established	180588	ncbi_datasets
Rickettsia aeschlimannii	established	45262	ncbi_datasets
Shuttleworthia satelles	established	177972	ncbi_datasets
Sneathia sanguinegens	established	40543	ncbi_datasets
Staphylococcus pettenkoferi	established	170573	ncbi_datasets
Streptococcus gallinaceus	putative	165758	ncbi_datasets
Streptococcus pasteurianus	putative	197614	ncbi_datasets
Streptococcus sinensis	established	176090	ncbi_datasets
Tsukamurella strandjordii	putative	147577	manual
Turicibacter sanguinis	putative	154288	ncbi_datasets
Achromobacter insolitus	putative	217204	ncbi_datasets
Achromobacter spanius	putative	217203	ncbi_datasets
Acinetobacter parvus	established	134533	ncbi_datasets
Actinobaculum urinale	established	190146	ncbi_datasets
Actinomyces cardiffensis	established	181487	ncbi_datasets
Actinomyces oricola	putative	206043	ncbi_datasets
Actinotignum urinale	putative	190146	ncbi_datasets
Alistipes finegoldii	established	214856	ncbi_datasets
Brevibacterium luteolum	putative	199591	ncbi_datasets
Brevibacterium lutescens	putative	199591	ncbi_datasets
Burkholderia cenocepacia	established	95486	ncbi_datasets
Clostridium amygdalinum	putative	253257	ncbi_datasets
Clostridium bolteae	established	208479	ncbi_datasets
Comamonas kerstersii	established	225992	ncbi_datasets
Delftia tsuruhatensis	established	180282	ncbi_datasets
Dialister invisus	established	218538	ncbi_datasets
Escherichia albertii	established	208962	ncbi_datasets
Kerstersia gyiorum	established	206506	ncbi_datasets
Luteococcus sanguinis	putative	174038	ncbi_datasets
Megasphaera micronuciformis	putative	187326	ncbi_datasets
Microbacterium paraoxydans	established	199592	ncbi_datasets
Mycobacterium pinnipedii	established	194542	ncbi_datasets
Nocardia puris	established	208602	ncbi_datasets
Paenibacillus hongkongensis	putative	178337	ncbi_datasets
Paracoccus yeeii	established	147645	ncbi_datasets
Pseudomonas poae	putative	200451	ncbi_datasets
Ralstonia respiraculi	established	195930	ncbi_datasets
Roseomonas mucosa	established	207340	ncbi_datasets
Varibaculum cambriensis	established	184870	ncbi_datasets
Actinomadura meyerae	putative	240840	ncbi_datasets
Actinomadura mexicana	putative	134959	ncbi_datasets
Actinomyces hongkongensis	putative	178339	ncbi_datasets
Amycolatopsis palatopharyngis	putative	187982	ncbi_datasets
Brevibacterium sanguinis	established	232444	ncbi_datasets
Burkholderia dolosa	established	152500	ncbi_datasets
Campylobacter insulaenigrae	putative	260714	ncbi_datasets
Cardiobacterium valvarum	established	194702	ncbi_datasets
Corynebacterium nigricans	established	169292	ncbi_datasets
Corynebacterium tuberculostearicum	established	38304	ncbi_datasets
Elizabethkingia miricola	established	172045	ncbi_datasets
Helcococcus sueciensis	putative	241555	ncbi_datasets
Janibacter melonis	putative	262209	ncbi_datasets
Klebsiella variicola	established	244366	ncbi_datasets
Kocuria marina	established	223184	ncbi_datasets
Leptotrichia goodfellowii	established	157692	ncbi_datasets
Leptotrichia shahii	putative	157691	ncbi_datasets
Leptotrichia wadei	putative	157687	ncbi_datasets
Mycobacterium boenickei	putative	146017	ncbi_datasets
Mycobacterium brisbanense	established	146020	ncbi_datasets
Mycobacterium nebraskense	established	244292	ncbi_datasets
Mycobacterium canariasense	established	228230	ncbi_datasets
Mycobacterium chimaera	established	222805	ncbi_datasets
Mycobacterium cosmeticum	established	258533	ncbi_datasets
Mycobacterium parascrofulaceum	established	240125	ncbi_datasets
Mycobacterium parmense	putative	185642	ncbi_datasets
Mycobacterium saskatchewanense	putative	220927	ncbi_datasets
Neoehrlichia mikurensis	established	89586	ncbi_datasets
Nocardia neocaledoniensis	putative	236511	ncbi_datasets
Nocardia testaceus	putative	248551	ncbi_datasets
Nocardia araoensis	established	228600	ncbi_datasets
Nocardia asiatica	established	209252	ncbi_datasets
Nocardia higoensis	putative	228599	ncbi_datasets
Nocardia inohanensis	putative	209246	ncbi_datasets
Nocardia niigatensis	putative	209249	ncbi_datasets
Nocardia pneumoniae	established	228601	ncbi_datasets
Nocardia senatus	putative	248552	ncbi_datasets
Nocardia yamanashiensis	established	209247	ncbi_datasets
Oribacterium sinus	putative	237576	ncbi_datasets
Paenibacillus cineris	putative	237530	ncbi_datasets
Paenibacillus massiliensis	putative	225917	ncbi_datasets
Paenibacillus sanguinis	putative	225906	ncbi_datasets
Paenibacillus timonensis	putative	225915	ncbi_datasets
Pantoea ananatis	putative	553	ncbi_datasets
Porphyromonas uenonis	established	281920	ncbi_datasets
Psychrobacter arenosus	putative	256326	ncbi_datasets
Rhodococcus gordoniae	putative	223392	ncbi_datasets
Rothia aeria	established	172042	ncbi_datasets
Streptococcus halichoeri	putative	254785	ncbi_datasets
Streptococcus minor	putative	229549	ncbi_datasets
Streptococcus devriesei	putative	231233	ncbi_datasets
Treponema putidum	putative	221027	ncbi_datasets
Veillonella montpellierensis	established	187328	ncbi_datasets
Actinomyces dentalis	putative	272548	ncbi_datasets
Advenella incenata	established	267800	ncbi_datasets
Aquimonas voraii	putative	265719	ncbi_datasets
Arthrobacter scleromae	putative	158897	ncbi_datasets
Bacteroides denticanium	putative	266833	manual
Bacteroides nordii	established	291645	ncbi_datasets
Bacteroides salyersiae	putative	291644	ncbi_datasets
Bacteroides massiliensis	putative	204516	ncbi_datasets
Bordetella ansorpii	putative	288768	ncbi_datasets
Cellulomonas denverensis	established	264297	ncbi_datasets
Corynebacterium resistens	established	258224	ncbi_datasets
Dialister micraerophilus	established	309120	ncbi_datasets
Dialister propionicifaciens	established	308994	ncbi_datasets
Dyella japonica	putative	231455	ncbi_datasets
Enterobacter ludwigii	established	299767	ncbi_datasets
Fastidiosipila sanguinis	established	236753	ncbi_datasets
Gordonia otitidis	established	249058	ncbi_datasets
Haemophilus pittmaniae	established	249188	ncbi_datasets
Kingella potus	putative	265175	ncbi_datasets
Mycobacterium florentinum	established	292462	ncbi_datasets
Mycoplasma amphoriforme	established	273136	ncbi_datasets
Nocardia thailandica	established	257275	ncbi_datasets
Nocardia takedensis	established	259390	ncbi_datasets
Nocardia anaemiae	putative	263910	ncbi_datasets
Nocardia aobensis	established	257277	ncbi_datasets
Nocardia arthritidis	established	228602	ncbi_datasets
Nocardia concava	established	257281	ncbi_datasets
Nocardia elegans	established	300029	ncbi_datasets
Nocardia kruczakiae	putative	261477	ncbi_datasets
Nocardia vermiculata	putative	257274	ncbi_datasets
Paenibacillus assamensis	putative	311244	ncbi_datasets
Prevotella multisaccharivorax	established	310514	ncbi_datasets
Prevotella massiliensis	putative	329988	ncbi_datasets
Prevotella baroniae	established	305719	ncbi_datasets
Prevotella marshii	established	189722	ncbi_datasets
Prevotella multiformis	established	282402	ncbi_datasets
Segniliparus rotundus	established	286802	ncbi_datasets
Segniliparus rugosus	established	286804	ncbi_datasets
Staphylococcus pseudintermedius	established	283734	ncbi_datasets
Streptococcus pseudopneumoniae	established	257758	ncbi_datasets
Tepidimonas arfidensis	putative	288769	ncbi_datasets
Acinetobacter baylyi	established	202950	ncbi_datasets
Actinobaculum massiliense	putative	202789	ncbi_datasets
Actinobaculum massiliae	putative	202789	ncbi_datasets
Alistipes onderdonkii	putative	328813	ncbi_datasets
Alistipes shahii	putative	328814	ncbi_datasets
Amycolatopsis benzoatilytica	putative	346045	ncbi_datasets
Aureimonas altamirensis	established	370622	ncbi_datasets
Bacillus idriensis	putative	324768	ncbi_datasets
Bacillus infantis	putative	324767	ncbi_datasets
Bacillus massiliensis	putative	292806	ncbi_datasets
Bacteroides dorei	putative	357276	ncbi_datasets
Bartonella melophagi	putative	291176	ncbi_datasets
Borrelia spielmanii	established	88916	ncbi_datasets
Burkholderia oklahomensis	putative	342113	ncbi_datasets
Catonella morbi	established	43997	ncbi_datasets
Cellulosimicrobium funkei	established	264251	ncbi_datasets
Chlamydia caviae	putative	83557	ncbi_datasets
Corynebacterium tuscaniae	putative	302449	ncbi_datasets
Dermacoccus barathri	putative	322601	ncbi_datasets
Dietzia cinnamea	putative	321318	ncbi_datasets
Dokdonella koreensis	putative	323415	ncbi_datasets
Eggerthella sinensis	putative	242230	ncbi_datasets
Empedobacter falsenii	putative	343874	ncbi_datasets
Gordonia araii	established	263909	ncbi_datasets
Gordonia effusa	putative	263908	ncbi_datasets
Granulibacter bethesdensis	established	364410	ncbi_datasets
Leptospira broomii	putative	301541	ncbi_datasets
Mycobacterium colombiense	established	339268	ncbi_datasets
Mycobacterium massiliense	established	1962118	ncbi_datasets
Mycobacterium aubagnense	putative	319707	ncbi_datasets
Mycobacterium phocaicum	established	319706	ncbi_datasets
Mycobacterium arupense	established	342002	ncbi_datasets
Mycobacterium conceptionense	established	1796	ncbi_datasets
Mycobacterium monacense	established	85693	ncbi_datasets
Neisseria animaloris	established	326522	ncbi_datasets
Neisseria zoodegmatis	established	326523	ncbi_datasets
Neisseria bacilliformis	established	267212	ncbi_datasets
Nocardia harenae	putative	358707	ncbi_datasets
Nocardia exalbida	established	290231	ncbi_datasets
Nocardia mexicana	established	279262	ncbi_datasets
Parabacteroides goldsteinii	putative	328812	ncbi_datasets
Paraeggerthella hongkongensis	putative	230658	ncbi_datasets
Peptostreptococcus stomatis	established	341694	ncbi_datasets
Porphyromonas somerae	established	322095	ncbi_datasets
Prevotella bergensis	established	242750	ncbi_datasets
Pseudomonas otitidis	established	319939	ncbi_datasets
Pseudonocardia oroxyli	putative	366584	ncbi_datasets
Rickettsia tamurae	putative	334545	ncbi_datasets
Rickettsia heilongjiangensis	putative	226665	ncbi_datasets
Streptococcus massiliensis	putative	313439	ncbi_datasets
Wautersiella falsenii	putative	343874	ncbi_datasets
Williamsia deligens	putative	321325	ncbi_datasets
Alloscardovia omnicolens	established	419015	ncbi_datasets
Catabacter hongkongensis	established	270498	ncbi_datasets
Chitinophaga terrae	putative	408074	manual
Chryseobacterium hominis	established	420404	ncbi_datasets
Clostridium aldenense	established	358742	ncbi_datasets
Clostridium citroniae	established	358743	ncbi_datasets
Corynebacterium hansenii	putative	394964	ncbi_datasets
Corynebacterium ureicelerivorans	putative	401472	ncbi_datasets
Flavobacterium ceti	established	395087	ncbi_datasets
Haematobacter massiliensis	established	195105	ncbi_datasets
Haematobacter missouriensis	putative	366616	ncbi_datasets
Jonquetella anthropi	putative	428712	ncbi_datasets
Microbacterium pyrexiae	putative	393867	ncbi_datasets
Moryella indoligenes	established	371674	ncbi_datasets
Mycobacterium kumamotonense	established	354243	ncbi_datasets
Mycobacterium seoulense	putative	386911	ncbi_datasets
Nocardia ninae	putative	356145	ncbi_datasets
Nocardia terpenica	established	455432	ncbi_datasets
Ochrobactrum haematophilum	putative	419474	ncbi_datasets
Ochrobactrum pseudogrignonense	putative	419475	ncbi_datasets
Prevotella maculosa	established	439703	ncbi_datasets
Prevotella nanceiensis	established	425941	ncbi_datasets
Prevotella pleuritidis	putative	407975	ncbi_datasets
Prevotella timonensis	putative	386414	ncbi_datasets
Shewanella haliotis	established	38313	ncbi_datasets
Streptococcus pseudoporcinus	established	361101	ncbi_datasets
Veillonella denticariosi	putative	419208	ncbi_datasets
Williamsia serinedens	putative	391736	ncbi_datasets
Acinetobacter septicus	established	465797	ncbi_datasets
Actinomadura chibensis	putative	392828	ncbi_datasets
Aeromonas aquariorum	established	196024	ncbi_datasets
Asaia lannensis	established	415421	ncbi_datasets
Bartonella tamiae	established	373638	ncbi_datasets
Burkholderia arboris	established	488730	ncbi_datasets
Burkholderia diffusa	established	488732	ncbi_datasets
Burkholderia latens	established	488446	ncbi_datasets
Burkholderia metallica	established	488729	ncbi_datasets
Burkholderia seminalis	established	488731	ncbi_datasets
Capnocytophaga leadbetteri	established	327575	ncbi_datasets
Chromobacterium haemolyticum	established	394935	ncbi_datasets
Chryseobacterium oranimense	putative	421058	ncbi_datasets
Corynebacterium sputi	putative	489915	ncbi_datasets
Cronobacter malonaticus	putative	413503	ncbi_datasets
Cronobacter sakazakii	established	28141	ncbi_datasets
Cronobacter turicensis	putative	413502	ncbi_datasets
Dietzia papillomatosis	established	282305	ncbi_datasets
Helicobacter suis	putative	104628	ncbi_datasets
Leptospira wolffii	putative	409998	ncbi_datasets
Mycobacterium lepromatosis	established	480418	ncbi_datasets
Mycobacterium llatzerense	established	280871	ncbi_datasets
Mycobacterium arosiense	established	425468	ncbi_datasets
Mycobacterium senuense	putative	386913	ncbi_datasets
Mycobacterium setense	established	431269	ncbi_datasets
Paenibacillus provencensis	putative	441151	ncbi_datasets
Paenibacillus konsidensis	putative	479474	ncbi_datasets
Prevotella amnii	putative	419005	ncbi_datasets
Pseudomonas japonica	putative	256466	ncbi_datasets
Pseudonocardia carboxydivorans	putative	415010	ncbi_datasets
Rickettsia raoultii	established	369822	ncbi_datasets
Staphylococcus pseudolugdunensis	established	425474	ncbi_datasets
Veillonella rogosae	established	423477	ncbi_datasets
Wohlfahrtiimonas chitiniclastica	established	400946	ncbi_datasets
Acidovorax oryzae	putative	862720	ncbi_datasets
Acinetobacter beijerinckii	established	262668	ncbi_datasets
Acinetobacter gyllenbergii	established	134534	ncbi_datasets
Actinomyces johnsonii	putative	544581	ncbi_datasets
Actinomyces oris	established	544580	ncbi_datasets
Actinomyces massiliensis	putative	461393	ncbi_datasets
Brevibacterium massiliense	putative	479117	ncbi_datasets
Burkholderia contaminans	established	488447	ncbi_datasets
Burkholderia lata	established	482957	ncbi_datasets
Butyricimonas virosa	established	544645	ncbi_datasets
Chryseobacterium anthropi	established	520603	ncbi_datasets
Clostridium lavalense	putative	460384	ncbi_datasets
Corynebacterium freiburgense	putative	556548	ncbi_datasets
Corynebacterium massiliense	putative	441501	ncbi_datasets
Corynebacterium timonense	putative	441500	ncbi_datasets
Delftia lacustris	established	558537	ncbi_datasets
Desmospora activa	putative	500615	ncbi_datasets
Gordonibacter pamelaeae	putative	471189	ncbi_datasets
Haematomicrobium sanguinis	putative	479106	ncbi_datasets
Helcobacillus massiliensis	putative	521392	ncbi_datasets
Leptospira licerasiae	established	447106	ncbi_datasets
Luteibacter anthropi	putative	564369	ncbi_datasets
Malaciobacter mytili	putative	603050	ncbi_datasets
Microbacterium binotii	putative	462710	ncbi_datasets
Mycobacterium timonense	putative	701043	ncbi_datasets
Mycobacterium riyadhense	established	486698	ncbi_datasets
Mycobacterium noviomagense	established	459858	ncbi_datasets
Mycobacterium bouchedurhonense	putative	701041	ncbi_datasets
Mycobacterium kyorinense	established	487514	ncbi_datasets
Mycobacterium mantenii	established	560555	ncbi_datasets
Mycobacterium marseillense	established	701042	ncbi_datasets
Nocardia blacklockiae	putative	480036	ncbi_datasets
Nocardia wallacei	established	480035	ncbi_datasets
Parabacteroides gordonii	established	574930	ncbi_datasets
Phocaeicola abscessus	putative	555313	ncbi_datasets
Porphyromonas bennonis	established	501496	ncbi_datasets
Propionibacterium acidifaciens	established	556499	ncbi_datasets
Gulosibacter bifidus	putative	272239	manual
Pyramidobacter piscolens	established	638849	ncbi_datasets
Robinsoniella peoriensis	established	180332	ncbi_datasets
Saccharopolyspora rosea	putative	524884	ncbi_datasets
Sciscionella marina	putative	508770	ncbi_datasets
Streptococcus merionis	putative	400065	ncbi_datasets
Acinetobacter bereziniae	established	106648	ncbi_datasets
Acinetobacter guillouiae	established	106649	ncbi_datasets
Actinomadura sputi	putative	589159	ncbi_datasets
Actinomyces hominis	putative	595468	ncbi_datasets
Actinomyces timonensis	putative	1288391	ncbi_datasets
Aeromonas tecta	putative	324617	ncbi_datasets
Aeromonas sanarellii	putative	633415	ncbi_datasets
Aeromonas taiwanensis	putative	633417	ncbi_datasets
Alistipes indistinctus	putative	626932	ncbi_datasets
Anaerococcus murdochii	putative	411577	ncbi_datasets
Bacteroides faecis	putative	674529	ncbi_datasets
Bacteroides fluxus	putative	626930	ncbi_datasets
Bartonella mayotimonensis	putative	572280	ncbi_datasets
Borrelia americana	putative	478807	ncbi_datasets
Brevundimonas vancanneytii	putative	1325724	ncbi_datasets
Brucella inopinata	putative	1218315	ncbi_datasets
Campylobacter volucris	putative	1031542	ncbi_datasets
Chryseobacterium treverense	putative	631455	ncbi_datasets
Clostridium hydrogeniformans	putative	349933	ncbi_datasets
Corynebacterium canis	putative	679663	ncbi_datasets
Corynebacterium pilbarense	putative	1288393	ncbi_datasets
Corynebacterium pyruviciproducens	putative	598660	ncbi_datasets
Dysgonomonas hofstadii	putative	637886	ncbi_datasets
Francisella hispaniensis	putative	622488	ncbi_datasets
Gemella asaccharolytica	established	502393	ncbi_datasets
Hafnia paralvei	putative	546367	ncbi_datasets
Halomonas hamiltonii	established	502829	ncbi_datasets
Halomonas stevensii	putative	502821	ncbi_datasets
Murdochiella asaccharolytica	putative	507844	ncbi_datasets
Mycobacterium bacteremicum	established	564198	ncbi_datasets
Mycobacterium mungi	established	1844474	ncbi_datasets
Mycobacterium paraseoulense	putative	590652	ncbi_datasets
Negativicoccus succinicivorans	established	620903	ncbi_datasets
Nocardia mikamii	putative	508464	ncbi_datasets
Orientia chuto	putative	911112	ncbi_datasets
Paenalcaligenes hominis	putative	643674	ncbi_datasets
Paenibacillus sputi	putative	646095	ncbi_datasets
Pantoea calida	established	665913	ncbi_datasets
Pantoea brenneri	putative	472694	ncbi_datasets
Pantoea conspicua	putative	472705	ncbi_datasets
Pantoea eucrina	putative	472693	ncbi_datasets
Pantoea septica	putative	472695	ncbi_datasets
Peptoniphilus gorbachii	established	411567	ncbi_datasets
Peptoniphilus olsenii	putative	411570	ncbi_datasets
Prevotella aurantiaca	putative	596085	ncbi_datasets
Shewanella xiamenensis	established	332186	ncbi_datasets
Staphylococcus massiliensis	putative	555791	ncbi_datasets
Xenophilus aerolatus	putative	452922	ncbi_datasets
Achromobacter marplatensis	established	470868	ncbi_datasets
Acinetobacter nosocomialis	established	106654	ncbi_datasets
Acinetobacter pittii	established	48296	ncbi_datasets
Auritidibacter ignavus	putative	678932	ncbi_datasets
Bacteroides pyogenes	established	310300	ncbi_datasets
Bisgaardia hudsonensis	putative	109472	ncbi_datasets
Branchiibius cervicis	established	908252	ncbi_datasets
Diplorickettsia massiliensis	putative	676517	ncbi_datasets
Elizabethkingia anophelis	established	1117645	ncbi_datasets
Ignatzschineria indica	established	472583	ncbi_datasets
Kocuria salsicia	putative	664639	ncbi_datasets
Leptotrichia hongkongensis	putative	554406	ncbi_datasets
Mycobacterium europaeum	established	761804	ncbi_datasets
Mycobacterium sherrisii	established	243061	ncbi_datasets
Mycobacterium shinjukuense	established	398694	ncbi_datasets
Necropsobacter rosorum	established	908285	ncbi_datasets
Neisseria shayeganii	putative	607712	ncbi_datasets
Neisseria wadsworthii	putative	607711	ncbi_datasets
Nocardia niwae	established	626084	ncbi_datasets
Prevotella fusca	putative	589436	ncbi_datasets
Prevotella scopos	putative	589437	ncbi_datasets
Rhizobium pusense	putative	648995	ncbi_datasets
Scardovia wiggsiae	established	230143	ncbi_datasets
Streptococcus lactarius	putative	684066	ncbi_datasets
Corynebacterium aquatimens	putative	1190508	ncbi_datasets
Cruoricaptor ignavus	putative	1118202	ncbi_datasets
Dietzia aurantiaca	putative	983873	ncbi_datasets
Haemophilus sputorum	established	1078480	ncbi_datasets
Helicobacter heilmannii	established	35817	ncbi_datasets
Kerstersia similis	established	206505	ncbi_datasets
Lachnoanaerobaculum umeaense	putative	617123	ncbi_datasets
Legionella nagasakiensis	putative	535290	ncbi_datasets
Legionella steelei	putative	947033	ncbi_datasets
Legionella cardiaca	putative	1071983	ncbi_datasets
Massilia oculi	putative	945844	ncbi_datasets
Mycobacterium koreense	putative	1069220	ncbi_datasets
Myroides phaeus	putative	702745	ncbi_datasets
Peptoniphilus duerdenii	putative	507750	ncbi_datasets
Peptoniphilus coxii	putative	755172	ncbi_datasets
Peptoniphilus tyrrelliae	established	755171	ncbi_datasets
Peptoniphilus koenoeneniae	putative	507751	ncbi_datasets
Psychrobacter sanguinis	established	861445	ncbi_datasets
Sneathia amnii	established	187101	ncbi_datasets
Streptococcus tigurinus	established	1077464	ncbi_datasets
Streptococcus hongkongensis	putative	910939	ncbi_datasets
Achromobacter aegrifaciens	established	1287736	ncbi_datasets
Achromobacter anxifer	putative	1287737	ncbi_datasets
Achromobacter dolens	established	1287738	ncbi_datasets
Achromobacter insuavis	established	1287735	ncbi_datasets
Achromobacter mucicolens	established	1389922	ncbi_datasets
Achromobacter pulmonis	established	1389932	ncbi_datasets
Achromobacter spiritinus	putative	470868	ncbi_datasets
Achromobacter animicus	putative	1389935	ncbi_datasets
Alloprevotella rava	established	671218	ncbi_datasets
Bacillus cytotoxicus	established	580165	ncbi_datasets
Chryseobacterium bernardetii	established	1241978	ncbi_datasets
Chryseobacterium nakagawai	putative	1241982	ncbi_datasets
Desulfovibrio legallii	putative	571438	ncbi_datasets
Effusibacillus consociatus	putative	1117041	ncbi_datasets
Erysipelatoclostridium ramosum	putative	1547	ncbi_datasets
Fretibacterium fastidiosum	putative	651822	ncbi_datasets
Hazenella coriacea	established	1179467	ncbi_datasets
Microbacterium yannicii	putative	671622	ncbi_datasets
Mycobacterium fragae	putative	1260918	ncbi_datasets
Mycobacterium heraklionense	established	512402	ncbi_datasets
Mycobacterium iranicum	established	912594	ncbi_datasets
Mycobacterium longobardum	established	1108812	ncbi_datasets
Mycobacterium parakoreense	putative	1069221	ncbi_datasets
Neisseria oralis	established	1107316	ncbi_datasets
Nocardia amikacinitolerans	established	756689	ncbi_datasets
Oscillibacter ruminantium	established	1263547	ncbi_datasets
Paenibacillus vulneris	putative	1133364	ncbi_datasets
Sphingobacterium hotanense	putative	649196	ncbi_datasets
Staphylococcus argenteus	established	985002	ncbi_datasets
Stomatobaculum longum	putative	796942	ncbi_datasets
Atopobium deltae	putative	1393034	ncbi_datasets
Butyricimonas faecihominis	putative	1472416	ncbi_datasets
Canibacter oris	putative	1365628	ncbi_datasets
Eisenbergiella tayi	putative	1432052	ncbi_datasets
Fenollaria massiliensis	putative	938288	ncbi_datasets
Frederiksenia canicola	established	123824	ncbi_datasets
Gemella parahaemolysans	putative	1179782	ncbi_datasets
Gemella taiwanensis	established	1179787	ncbi_datasets
Gordonia iterans	putative	1004901	ncbi_datasets
Hungatella effluvii	putative	1096246	ncbi_datasets
Klebsiella quasipneumoniae	established	1463165	ncbi_datasets
Leptospira mayottensis	established	1137606	ncbi_datasets
Mycobacterium paragordonae	established	1389713	ncbi_datasets
Nocardia vulneris	established	1141657	ncbi_datasets
Nocardia kroppenstedtii	established	341199	ncbi_datasets
Oribacterium asaccharolyticum	putative	1501332	ncbi_datasets
Oribacterium parvum	putative	1501329	ncbi_datasets
Streptobacillus hongkongensis	putative	1162717	ncbi_datasets
Tissierella carlieri	putative	689904	ncbi_datasets
Acinetobacter variabilis	established	70346	ncbi_datasets
Acinetobacter seifertii	established	1530123	ncbi_datasets
Actinotignum sanguinis	putative	1445614	ncbi_datasets
Anaerococcus degenerii	established	361500	ncbi_datasets
Bartonella ancashensis	established	1318743	ncbi_datasets
Bergeyella cardium	established	1585976	ncbi_datasets
Bordetella bronchialis	putative	463025	ncbi_datasets
Bordetella flabilis	putative	463014	ncbi_datasets
Bordetella sputigena	putative	1416810	ncbi_datasets
Burkholderia stagnalis	putative	1503054	ncbi_datasets
Citrobacter pasteurii	established	1563222	ncbi_datasets
Myroides injenensis	established	1183151	ncbi_datasets
Nocardia arizonensis	established	1141647	ncbi_datasets
Paracoccus sanguinis	established	1545044	ncbi_datasets
Sodalis praecaptivus	putative	1239307	ncbi_datasets
Tatumella saanichensis	putative	480813	ncbi_datasets
Weeksella massiliensis	putative	1461577	ncbi_datasets
Actinomyces urinae	putative	1689268	ncbi_datasets
Alkanindiges hongkongensis	putative	208968	ncbi_datasets
Anaerococcus nagyae	established	1755241	ncbi_datasets
Borrelia mayonii	established	1674146	ncbi_datasets
Corynebacterium lowii	putative	1544413	ncbi_datasets
Corynebacterium oculi	putative	1544416	ncbi_datasets
Dermabacter jinjuensis	putative	1667168	ncbi_datasets
Enterobacter bugandensis	established	881260	ncbi_datasets
Haematospirillum jordaniae	putative	1549855	ncbi_datasets
Haemophilus massiliensis	putative	1461579	ncbi_datasets
Lawsonella clevelandensis	established	1528099	ncbi_datasets
Mycobacterium alsense	established	324058	ncbi_datasets
Nocardia shinanonensis	putative	1769161	ncbi_datasets
Oblitimonas alkaliphila	established	1697053	ncbi_datasets
Paenibacillus residui	putative	629724	ncbi_datasets
Prevotella colorans	putative	1703337	ncbi_datasets
Propionibacterium namnetense	putative	1574624	ncbi_datasets
Sedimentibacter hongkongensis	putative	178338	ncbi_datasets
Tsukamurella sinensis	putative	1671022	ncbi_datasets
Tsukamurella hongkongensis	putative	1671023	ncbi_datasets
Vibrio cidicii	established	1763883	ncbi_datasets
Corynebacterium gottingense	putative	2041036	ncbi_datasets
Gordonia hongkongensis	putative	1701090	ncbi_datasets
Mycobacterium grossiae	putative	1552759	ncbi_datasets
Neisseria dumasiana	established	1931275	ncbi_datasets
Pontibacter altruii	putative	1908342	ncbi_datasets
Rickettsia monacensis	established	109232	ncbi_datasets
Sphingobacterium cellulitidis	putative	1768011	ncbi_datasets
Vibrio injensis	putative	1307414	manual
Chryseobacterium mucoviscidosis	putative	1945581	ncbi_datasets
Clostridium neonatale	established	137838	ncbi_datasets
Corynebacterium fournieri	putative	1852390	ncbi_datasets
Corynebacterium belfantii	established	2014537	ncbi_datasets
Klebsiella grimontii	established	2058152	ncbi_datasets
Legionella indianapolisensis	putative	1774113	ncbi_datasets
Leptospira venezuelensis	putative	1958811	ncbi_datasets
Parabacteroides chongii	putative	2685834	ncbi_datasets
Peptoniphilus lacydonensis	putative	1673725	ncbi_datasets
Staphylococcus cornubiensis	putative	1986155	ncbi_datasets
Tsukamurella hominis	putative	1970232	ncbi_datasets
Tsukamurella ocularis	putative	1970234	ncbi_datasets
Campylobacter armoricus	established	2505970	ncbi_datasets
Collinsella vaginalis	putative	1870987	ncbi_datasets
Elizabethkingia bruuniana	established	1756149	ncbi_datasets
Enterobacter huaxiensis	putative	2494702	ncbi_datasets
Kosakonia quasisacchari	putative	2529380	ncbi_datasets
Mycobacterium basiliense	putative	2094119	ncbi_datasets
Pandoraea fibrosis	putative	1891094	ncbi_datasets
Prevotella brunnea	putative	2508867	ncbi_datasets
Proteus faecis	putative	2050967	ncbi_datasets
Pseudomonas juntendi	putative	2666183	ncbi_datasets
Pseudomonas asiatica	putative	2219225	ncbi_datasets
Pseudomonas nosocomialis	established	1056496	ncbi_datasets
Vagococcus vulneris	putative	1977869	ncbi_datasets
Candidatus Campylobacter infans	putative	2561898	manual
Chitinophaga vietnamensis	putative	2593957	ncbi_datasets
Corynebacterium dentalis	putative	2014528	ncbi_datasets
Corynebacterium rouxii	established	2719119	ncbi_datasets
Cutibacterium modestum	putative	2559073	ncbi_datasets
Eikenella exigua	putative	2528037	ncbi_datasets
Eikenella halliae	putative	1795832	ncbi_datasets
Eikenella longinqua	putative	1795827	ncbi_datasets
Enterobacter quasihormaechei	putative	2529382	ncbi_datasets
Enterobacter wuhouensis	putative	2529381	ncbi_datasets
Francisella opportunistica	putative	2016517	ncbi_datasets
Klebsiella pasteurii	established	2587529	ncbi_datasets
Megasphaera vaginalis	putative	2045301	manual
Nocardia barduliensis	putative	2736643	ncbi_datasets
Nocardia donostiensis	established	1538463	ncbi_datasets
Nocardia gipuzkoensis	putative	2749991	ncbi_datasets
Nocardia colli	putative	2545717	ncbi_datasets
Paraclostridium dentum	putative	2662455	ncbi_datasets
Pseudoflavitalea muciniphila	putative	2100819	manual
Peptoniphilus nemausus	putative	2582829	ncbi_datasets
Prevotella vespertina	putative	2608404	ncbi_datasets
Pseudomonas yangonensis	established	2579922	ncbi_datasets
Pseudoxanthomonas winnipegensis	established	2480810	ncbi_datasets
Saezia sanguinis	putative	1965230	ncbi_datasets
Scandinavium goeteborgense	putative	1851514	ncbi_datasets
Staphylococcus borealis	established	2742203	ncbi_datasets
Tannerella serpentiformis	putative	712710	ncbi_datasets
Tsukamurella asaccharolytica	putative	2592067	ncbi_datasets
Tsukamurella conjunctivitidis	putative	2592068	ncbi_datasets
Tsukamurella sputi	putative	2591848	ncbi_datasets
Yersinia canariae	putative	2607663	ncbi_datasets
